Workbook

Sheet Total Sales
A3: Row Labels | B3: Sum of Total Sales
A4: West | B4: 1986.11
A5: East | B5: 5994.22
A6: South | B6: 6444.22
A7: North | B7: 10780.83
A8: Grand Total | B8: 25205.38
A12: Row Labels | B12: Sum of Total Sales
A13: Accessories | B13: 18396.8
A14: Displays | B14: 1077.77
A15: Electronics | B15: 2519.16
A16: Office | B16: 3211.65
A17: Grand Total | B17: 25205.38

Sheet Orders
A1: Order ID | B1: Order Date | C1: Product Code | D1: Product Name | E1: Region | F1: Sales Rep | G1: Quantity | H1: Unit Price | I1: Category | J1: Standard Cost | K1: Total Sales
A2: ORD1001 | B2: 46255 | C2: P001 | D2: Wireless Mouse | E2: North | F2: Unknown | G2: 3 | H2: 67.26 | I2: =VLOOKUP(C2,'Product Reference'!$A$2:$C$8,2,FALSE) -> Accessories | J2: =VLOOKUP(C2,'Product Reference'!$A$2:$C$8,3,FALSE) -> 4.5 | K2: =H2*G2 -> 201.78
A3: ORD1002 | B3: 46191 | C3: P006 | D3: webcam hd | E3: North | F3: Unknown | G3: 1 | H3: 150.9 | I3: =VLOOKUP(C3,'Product Reference'!$A$2:$C$8,2,FALSE) -> Electronics | J3: =VLOOKUP(C3,'Product Reference'!$A$2:$C$8,3,FALSE) -> 15 | K3: =H3*G3 -> 150.9
A4: ORD1003 | B4: 46178 | C4: P001 | D4: Wireless Mouse | E4: North | F4: Karan Mehta | G4: 2 | H4: 130.3 | I4: =VLOOKUP(C4,'Product Reference'!$A$2:$C$8,2,FALSE) -> Accessories | J4: =VLOOKUP(C4,'Product Reference'!$A$2:$C$8,3,FALSE) -> 4.5 | K4: =H4*G4 -> 260.6
A5: ORD1004 | B5: 46177 | C5: P005 | D5: Laptop Stand | E5: South | F5: Unknown | G5: 10 | H5: 61.35 | I5: =VLOOKUP(C5,'Product Reference'!$A$2:$C$8,2,FALSE) -> Accessories | J5: =VLOOKUP(C5,'Product Reference'!$A$2:$C$8,3,FALSE) -> 6 | K5: =H5*G5 -> 613.5
A6: ORD1005 | B6: 46249 | C6: P003 | D6: USB-C Hub | E6: North | F6: Karan Mehta | G6: 10 | H6: 90.34 | I6: =VLOOKUP(C6,'Product Reference'!$A$2:$C$8,2,FALSE) -> Accessories | J6: =VLOOKUP(C6,'Product Reference'!$A$2:$C$8,3,FALSE) -> 9 | K6: =H6*G6 -> 903.4
A7: ORD1006 | B7: 46193 | C7: P002 | D7: Bluetooth Keyboard | E7: East | F7: Anita Rao | G7: 1 | H7: 99.94 | I7: =VLOOKUP(C7,'Product Reference'!$A$2:$C$8,2,FALSE) -> Accessories | J7: =VLOOKUP(C7,'Product Reference'!$A$2:$C$8,3,FALSE) -> 12 | K7: =H7*G7 -> 99.94
A8: ORD1007 | B8: 46219 | C8: P007 | D8: Desk Lamp | E8: East | F8: Divya Nair | G8: 3 | H8: 203.33 | I8: =VLOOKUP(C8,'Product Reference'!$A$2:$C$8,2,FALSE) -> Office | J8: =VLOOKUP(C8,'Product Reference'!$A$2:$C$8,3,FALSE) -> 7 | K8: =H8*G8 -> 609.99
A9: ORD1008 | B9: 46232 | C9: P005 | D9: Laptop Stand | E9: North | F9: Ravi Kumar | G9: 1 | H9: 141.59 | I9: =VLOOKUP(C9,'Product Reference'!$A$2:$C$8,2,FALSE) -> Accessories | J9: =VLOOKUP(C9,'Product Reference'!$A$2:$C$8,3,FALSE) -> 6 | K9: =H9*G9 -> 141.59
A10: ORD1009 | B10: 46254 | C10: P005 | D10: Laptop Stand | E10: East | F10: Divya Nair | G10: 2 | H10: 178.51 | I10: =VLOOKUP(C10,'Product Reference'!$A$2:$C$8,2,FALSE) -> Accessories | J10: =VLOOKUP(C10,'Product Reference'!$A$2:$C$8,3,FALSE) -> 6 | K10: =H10*G10 -> 357.02
A11: ORD1010 | B11: 46179 | C11: P006 | D11: webcam hd | E11: South | F11: Sneha Iyer | G11: 1 | H11: 214.99 | I11: =VLOOKUP(C11,'Product Reference'!$A$2:$C$8,2,FALSE) -> Electronics | J11: =VLOOKUP(C11,'Product Reference'!$A$2:$C$8,3,FALSE) -> 15 | K11: =H11*G11 -> 214.99
A12: ORD1011 | B12: 46186 | C12: P004 | D12: 27in Monitor | E12: East | F12: Ravi Kumar | G12: 5 | H12: 47.36 | I12: =VLOOKUP(C12,'Product Reference'!$A$2:$C$8,2,FALSE) -> Displays | J12: =VLOOKUP(C12,'Product Reference'!$A$2:$C$8,3,FALSE) -> 130 | K12: =H12*G12 -> 236.8
A13: ORD1012 | B13: 46219 | C13: P002 | D13: Bluetooth Keyboard | E13: South | F13: Sneha Iyer | G13: 1 | H13: 155.41 | I13: =VLOOKUP(C13,'Product Reference'!$A$2:$C$8,2,FALSE) -> Accessories | J13: =VLOOKUP(C13,'Product Reference'!$A$2:$C$8,3,FALSE) -> 12 | K13: =H13*G13 -> 155.41
... A61: ORD1060 | B61: 46244 | C61: P003 | D61: USB-C Hub | E61: South | F61: Anita Rao | G61: 3 | H61: 72 | I61: =VLOOKUP(C61,'Product Reference'!$A$2:$C$8,2,FALSE) -> Accessories | J61: =VLOOKUP(C61,'Product Reference'!$A$2:$C$8,3,FALSE) -> 9 | K61: =H61*G61 -> 216

Sheet Product Reference
A1: Product Code | B1: Category | C1: Standard Cost
A2: P001 | B2: Accessories | C2: 4.5
A3: P002 | B3: Accessories | C3: 12
A4: P003 | B4: Accessories | C4: 9
A5: P004 | B5: Displays | C5: 130
A6: P005 | B6: Accessories | C6: 6
A7: P006 | B7: Electronics | C7: 15
A8: P007 | B8: Office | C8: 7
