Workbook

Sheet January
A1: Date | B1: Product | C1: Region | D1: Sales Rep | E1: Units Sold | F1: Unit Price | G1: Total Sales
A2: 46033 | B2: Desk Organizer | C2: West | D2: Meera Das | E2: 2 | F2: 50.17 | G2: =E2*F2 -> 100.34
A3: 46026 | B3: Wireless Charger | C3: North | D3: Little Nikhat | E3: 4 | F3: 7.06 | G3: =E3*F3 -> 28.24
A4: 46036 | B4: Ergo Mouse Pad | C4: North | D4: Farhan Ali | E4: 2 | F4: 35.31 | G4: =E4*F4 -> 70.62
A5: 46024 | B5: Sticky Notes Pack | C5: North | D5: Farhan Ali | E5: 1 | F5: 36.74 | G5: =E5*F5 -> 36.74
A6: 46035 | B6: Notebook Set | C6: South | D6: Meera Das | E6: 3 | F6: 20.93 | G6: =E6*F6 -> 62.79
A7: 46027 | B7: Sticky Notes Pack | C7: North | D7: Little Nikhat | E7: 5 | F7: 35.81 | G7: =E7*F7 -> 179.05
A8: 46044 | B8: Desk Organizer | C8: North | D8: Little Nikhat | E8: 4 | F8: 25.48 | G8: =E8*F8 -> 101.92
A9: 46040 | B9: Whiteboard Marker Pack | C9: North | D9: Little Nikhat | E9: 1 | F9: 39.05 | G9: =E9*F9 -> 39.05
A10: 46038 | B10: Whiteboard Marker Pack | C10: West | D10: Priya Menon | E10: 10 | F10: 37.21 | G10: =E10*F10 -> 372.1
A11: 46037 | B11: Wireless Charger | C11: East | D11: Farhan Ali | E11: 3 | F11: 43.44 | G11: =E11*F11 -> 130.32
A12: 46030 | B12: Notebook Set | C12: East | D12: Little Nikhat | E12: 10 | F12: 53.13 | G12: =E12*F12 -> 531.3
A13: 46046 | B13: Ergo Mouse Pad | C13: East | D13: Little Nikhat | E13: 2 | F13: 11.49 | G13: =E13*F13 -> 22.98
... A26: 46033 | B26: Desk Organizer | C26: North | D26: Sandeep Rao | E26: 8 | F26: 26.89 | G26: =E26*F26 -> 215.12

Sheet February
A1: Date | B1: Product | C1: Region | D1: Sales Rep | E1: Units Sold | F1: Unit Price | G1: Total Sales
A2: 46066 | B2: Notebook Set | C2: West | D2: Sandeep Rao | E2: 1 | F2: 15.48 | G2: =E2*F2 -> 15.48
A3: 46060 | B3: Ergo Mouse Pad | C3: South | D3: Meera Das | E3: 6 | F3: 38.04 | G3: =E3*F3 -> 228.24
A4: 46057 | B4: Notebook Set | C4: South | D4: Little Nikhat | E4: 2 | F4: 57.19 | G4: =E4*F4 -> 114.38
A5: 46073 | B5: Notebook Set | C5: North | D5: Farhan Ali | E5: 8 | F5: 13.17 | G5: =E5*F5 -> 105.36
A6: 46062 | B6: Wireless Charger | C6: East | D6: Sandeep Rao | E6: 2 | F6: 11.34 | G6: =E6*F6 -> 22.68
A7: 46069 | B7: Ergo Mouse Pad | C7: West | D7: Sandeep Rao | E7: 5 | F7: 9.72 | G7: =E7*F7 -> 48.6
A8: 46057 | B8: Whiteboard Marker Pack | C8: East | D8: Priya Menon | E8: 10 | F8: 50.59 | G8: =E8*F8 -> 505.9
A9: 46059 | B9: Sticky Notes Pack | C9: North | D9: Farhan Ali | E9: 6 | F9: 13.06 | G9: =E9*F9 -> 78.36
A10: 46071 | B10: Notebook Set | C10: East | D10: Meera Das | E10: 5 | F10: 33.51 | G10: =E10*F10 -> 167.55
A11: 46059 | B11: Wireless Charger | C11: South | D11: Little Nikhat | E11: 6 | F11: 40 | G11: =E11*F11 -> 240
A12: 46073 | B12: Desk Organizer | C12: South | D12: Sandeep Rao | E12: 4 | F12: 16 | G12: =E12*F12 -> 64
A13: 46069 | B13: Wireless Charger | C13: North | D13: Meera Das | E13: 5 | F13: 30.97 | G13: =E13*F13 -> 154.85
... A26: 46055 | B26: Whiteboard Marker Pack | C26: East | D26: Sandeep Rao | E26: 8 | F26: 50.49 | G26: =E26*F26 -> 403.92

Sheet March
A1: Date | B1: Product | C1: Region | D1: Sales Rep | E1: Units Sold | F1: Unit Price | G1: Total Sales
A2: 46098 | B2: Desk Organizer | C2: South | D2: Little Nikhat | E2: 1 | F2: 53 | G2: =E2*F2 -> 53
A3: 46106 | B3: Desk Organizer | C3: North | D3: Farhan Ali | E3: 3 | F3: 12.79 | G3: =E3*F3 -> 38.37
A4: 46101 | B4: Whiteboard Marker Pack | C4: North | D4: Little Nikhat | E4: 1 | F4: 22.93 | G4: =E4*F4 -> 22.93
A5: 46098 | B5: Sticky Notes Pack | C5: West | D5: Meera Das | E5: 1 | F5: 18.67 | G5: =E5*F5 -> 18.67
A6: 46090 | B6: Notebook Set | C6: North | D6: Little Nikhat | E6: 10 | F6: 35.9 | G6: =E6*F6 -> 359
A7: 46106 | B7: Notebook Set | C7: West | D7: Priya Menon | E7: 4 | F7: 43.1 | G7: =E7*F7 -> 172.4
A8: 46096 | B8: Sticky Notes Pack | C8: West | D8: Little Nikhat | E8: 4 | F8: 43.46 | G8: =E8*F8 -> 173.84
A9: 46090 | B9: Sticky Notes Pack | C9: South | D9: Sandeep Rao | E9: 3 | F9: 27.92 | G9: =E9*F9 -> 83.76
A10: 46094 | B10: Ergo Mouse Pad | C10: East | D10: Meera Das | E10: 4 | F10: 28.56 | G10: =E10*F10 -> 114.24
A11: 46088 | B11: Whiteboard Marker Pack | C11: East | D11: Meera Das | E11: 3 | F11: 56.67 | G11: =E11*F11 -> 170.01
A12: 46102 | B12: Whiteboard Marker Pack | C12: East | D12: Farhan Ali | E12: 5 | F12: 53.56 | G12: =E12*F12 -> 267.8
A13: 46096 | B13: Desk Organizer | C13: North | D13: Sandeep Rao | E13: 10 | F13: 13.95 | G13: =E13*F13 -> 139.5
... A26: 46088 | B26: Wireless Charger | C26: East | D26: Little Nikhat | E26: 4 | F26: 20.95 | G26: =E26*F26 -> 83.8

Sheet Summary
A1: Column1 | B1: JAN | C1: FEB | D1: MAR
A2: North | B2: =SUMIFS(January!$G$2:$G$26,January!$C$2:$C$26,A2) -> 1090.99 | C2: =SUMIFS(February!$G$2:$G$26,February!$C$2:$C$26,A2) -> 809.39 | D2: =SUMIFS(March!$G$2:$G$26,March!$C$2:$C$26,A2) -> 909.31
A3: South | B3: =SUMIFS(January!$G$2:$G$26,January!$C$2:$C$26,A3) -> 827.87 | C3: =SUMIFS(February!$G$2:$G$26,February!$C$2:$C$26,A3) -> 1333.54 | D3: =SUMIFS(March!$G$2:$G$26,March!$C$2:$C$26,A3) -> 502.19
A4: East | B4: =SUMIFS(January!$G$2:$G$26,January!$C$2:$C$26,A4) -> 1693.44 | C4: =SUMIFS(February!$G$2:$G$26,February!$C$2:$C$26,A4) -> 1852.27 | D4: =SUMIFS(March!$G$2:$G$26,March!$C$2:$C$26,A4) -> 805.63
A5: West | B5: =SUMIFS(January!$G$2:$G$26,January!$C$2:$C$26,A5) -> 892.68 | C5: =SUMIFS(February!$G$2:$G$26,February!$C$2:$C$26,A5) -> 849.69 | D5: =SUMIFS(March!$G$2:$G$26,March!$C$2:$C$26,A5) -> 591.45
A8: March 1-15 Total
A9: =SUMIFS(March!G2:G26,March!A2:A26,">="&DATE(2026,3,1),March!A2:A26,"<="&DATE(2026,3,15)) -> 1485.34
