Workbook
Name Slicer_Category: #N/A
Name Slicer_Warehouse: #N/A

Sheet Inventory Orders
A1: Order ID | B1: Order Date | C1: SKU | D1: Warehouse | E1: Units Ordered | F1: Unit Cost | G1: Product Name | H1: Category | I1: Reorder Level | J1: Total Cost
A2: INV2008 | B2: 46190 | C2: SKU101 | D2: Chennai | E2: 30 | F2: 663.13 | G2: =INDEX('Product Master'!$B$2:$B$9,MATCH(C2,'Product Master'!$A$2:$A$9,0)) -> Cotton T-Shirt | H2: =INDEX('Product Master'!$C$2:$C$9,MATCH(C2,'Product Master'!$A$2:$A$9,0)) -> Apparel | I2: =INDEX('Product Master'!$D$2:$D$9,MATCH(C2,'Product Master'!$A$2:$A$9,0)) -> 100 | J2: =E2*F2 -> 19893.9
A3: INV2009 | B3: 46158 | C3: SKU101 | D3: Bengaluru | E3: 10 | F3: 464 | G3: =INDEX('Product Master'!$B$2:$B$9,MATCH(C3,'Product Master'!$A$2:$A$9,0)) -> Cotton T-Shirt | H3: =INDEX('Product Master'!$C$2:$C$9,MATCH(C3,'Product Master'!$A$2:$A$9,0)) -> Apparel | I3: =INDEX('Product Master'!$D$2:$D$9,MATCH(C3,'Product Master'!$A$2:$A$9,0)) -> 100 | J3: =E3*F3 -> 4640
A4: INV2017 | B4: 46206 | C4: SKU101 | D4: Bengaluru | E4: 5 | F4: 462.82 | G4: =INDEX('Product Master'!$B$2:$B$9,MATCH(C4,'Product Master'!$A$2:$A$9,0)) -> Cotton T-Shirt | H4: =INDEX('Product Master'!$C$2:$C$9,MATCH(C4,'Product Master'!$A$2:$A$9,0)) -> Apparel | I4: =INDEX('Product Master'!$D$2:$D$9,MATCH(C4,'Product Master'!$A$2:$A$9,0)) -> 100 | J4: =E4*F4 -> 2314.1
A5: INV2024 | B5: 46218 | C5: SKU101 | D5: Pune | E5: 20 | F5: 429.6 | G5: =INDEX('Product Master'!$B$2:$B$9,MATCH(C5,'Product Master'!$A$2:$A$9,0)) -> Cotton T-Shirt | H5: =INDEX('Product Master'!$C$2:$C$9,MATCH(C5,'Product Master'!$A$2:$A$9,0)) -> Apparel | I5: =INDEX('Product Master'!$D$2:$D$9,MATCH(C5,'Product Master'!$A$2:$A$9,0)) -> 100 | J5: =E5*F5 -> 8592
A6: INV2035 | B6: 46234 | C6: SKU101 | D6: Pune | E6: 25 | F6: 294.63 | G6: =INDEX('Product Master'!$B$2:$B$9,MATCH(C6,'Product Master'!$A$2:$A$9,0)) -> Cotton T-Shirt | H6: =INDEX('Product Master'!$C$2:$C$9,MATCH(C6,'Product Master'!$A$2:$A$9,0)) -> Apparel | I6: =INDEX('Product Master'!$D$2:$D$9,MATCH(C6,'Product Master'!$A$2:$A$9,0)) -> 100 | J6: =E6*F6 -> 7365.75
A7: INV2042 | B7: 46168 | C7: SKU101 | D7: Mumbai | E7: 30 | F7: 428.66 | G7: =INDEX('Product Master'!$B$2:$B$9,MATCH(C7,'Product Master'!$A$2:$A$9,0)) -> Cotton T-Shirt | H7: =INDEX('Product Master'!$C$2:$C$9,MATCH(C7,'Product Master'!$A$2:$A$9,0)) -> Apparel | I7: =INDEX('Product Master'!$D$2:$D$9,MATCH(C7,'Product Master'!$A$2:$A$9,0)) -> 100 | J7: =E7*F7 -> 12859.8
A8: INV2043 | B8: 46238 | C8: SKU101 | D8: Hyderabad | E8: 20 | F8: 397.91 | G8: =INDEX('Product Master'!$B$2:$B$9,MATCH(C8,'Product Master'!$A$2:$A$9,0)) -> Cotton T-Shirt | H8: =INDEX('Product Master'!$C$2:$C$9,MATCH(C8,'Product Master'!$A$2:$A$9,0)) -> Apparel | I8: =INDEX('Product Master'!$D$2:$D$9,MATCH(C8,'Product Master'!$A$2:$A$9,0)) -> 100 | J8: =E8*F8 -> 7958.2
A9: INV2062 | B9: 46234 | C9: SKU101 | D9: Chennai | E9: 15 | F9: 201.53 | G9: =INDEX('Product Master'!$B$2:$B$9,MATCH(C9,'Product Master'!$A$2:$A$9,0)) -> Cotton T-Shirt | H9: =INDEX('Product Master'!$C$2:$C$9,MATCH(C9,'Product Master'!$A$2:$A$9,0)) -> Apparel | I9: =INDEX('Product Master'!$D$2:$D$9,MATCH(C9,'Product Master'!$A$2:$A$9,0)) -> 100 | J9: =E9*F9 -> 3022.95
A10: INV2075 | B10: 46173 | C10: SKU101 | D10: Mumbai | E10: 10 | F10: 120.89 | G10: =INDEX('Product Master'!$B$2:$B$9,MATCH(C10,'Product Master'!$A$2:$A$9,0)) -> Cotton T-Shirt | H10: =INDEX('Product Master'!$C$2:$C$9,MATCH(C10,'Product Master'!$A$2:$A$9,0)) -> Apparel | I10: =INDEX('Product Master'!$D$2:$D$9,MATCH(C10,'Product Master'!$A$2:$A$9,0)) -> 100 | J10: =E10*F10 -> 1208.9
A11: INV2012 | B11: 46169 | C11: SKU102 | D11: Hyderabad | E11: 25 | F11: 407.24 | G11: =INDEX('Product Master'!$B$2:$B$9,MATCH(C11,'Product Master'!$A$2:$A$9,0)) -> Denim Jeans | H11: =INDEX('Product Master'!$C$2:$C$9,MATCH(C11,'Product Master'!$A$2:$A$9,0)) -> Apparel | I11: =INDEX('Product Master'!$D$2:$D$9,MATCH(C11,'Product Master'!$A$2:$A$9,0)) -> 80 | J11: =E11*F11 -> 10181
A12: INV2016 | B12: 46146 | C12: SKU102 | D12: Chennai | E12: 30 | F12: 587 | G12: =INDEX('Product Master'!$B$2:$B$9,MATCH(C12,'Product Master'!$A$2:$A$9,0)) -> Denim Jeans | H12: =INDEX('Product Master'!$C$2:$C$9,MATCH(C12,'Product Master'!$A$2:$A$9,0)) -> Apparel | I12: =INDEX('Product Master'!$D$2:$D$9,MATCH(C12,'Product Master'!$A$2:$A$9,0)) -> 80 | J12: =E12*F12 -> 17610
A13: INV2019 | B13: 46222 | C13: SKU102 | D13: Chennai | E13: 30 | F13: 177.57 | G13: =INDEX('Product Master'!$B$2:$B$9,MATCH(C13,'Product Master'!$A$2:$A$9,0)) -> Denim Jeans | H13: =INDEX('Product Master'!$C$2:$C$9,MATCH(C13,'Product Master'!$A$2:$A$9,0)) -> Apparel | I13: =INDEX('Product Master'!$D$2:$D$9,MATCH(C13,'Product Master'!$A$2:$A$9,0)) -> 80 | J13: =E13*F13 -> 5327.1
... A81: INV2080 | B81: 46216 | C81: SKU108 | D81: Hyderabad | E81: 30 | F81: 486.55 | G81: =INDEX('Product Master'!$B$2:$B$9,MATCH(C81,'Product Master'!$A$2:$A$9,0)) -> Formal Shirt | H81: =INDEX('Product Master'!$C$2:$C$9,MATCH(C81,'Product Master'!$A$2:$A$9,0)) -> Apparel | I81: =INDEX('Product Master'!$D$2:$D$9,MATCH(C81,'Product Master'!$A$2:$A$9,0)) -> 70 | J81: =E81*F81 -> 14596.5

Sheet Product Master
A1: SKU | B1: Product Name | C1: Category | D1: Reorder Level
A2: SKU101 | B2: Cotton T-Shirt | C2: Apparel | D2: 100
A3: SKU102 | B3: Denim Jeans | C3: Apparel | D3: 80
A4: SKU103 | B4: Running Shoes | C4: Footwear | D4: 60
A5: SKU104 | B5: Leather Wallet | C5: Accessories | D5: 150
A6: SKU105 | B6: Backpack | C6: Accessories | D6: 90
A7: SKU106 | B7: Sunglasses | C7: Accessories | D7: 120
A8: SKU107 | B8: Wrist Watch | C8: Accessories | D8: 40
A9: SKU108 | B9: Formal Shirt | C9: Apparel | D9: 70

Sheet Analysis
A1: Sum of Total Cost | B1: Column Labels
A2: Row Labels | B2: Accessories | C2: Apparel | D2: Footwear | E2: Grand Total
A3: Bengaluru | B3: 136922.55 | C3: 17823.1 | D3: 8906.15 | E3: 163651.8
A4: Chennai | B4: 55169.9 | C4: 60278.7 | D4: 42127.75 | E4: 157576.35
A5: Hyderabad | B5: 81614.5 | C5: 77473.4 | D5: 22833.6 | E5: 181921.5
A6: Mumbai | B6: 70172.55 | C6: 35371.25 | D6: 2287.9 | E6: 107831.7
A7: Pune | B7: 74637.4 | C7: 20465.25 | D7: 15739.25 | E7: 110841.9
A8: Grand Total | B8: 418516.9 | C8: 211411.7 | D8: 91894.65 | E8: 721823.25
